slide_id,Species,Specimen,Heteroneme free length (um),Heteroneme width (um),Heteroneme volume (um3),Heteroneme shaft free length (um),Heteroneme shaft width (um),Heteroneme number,Haploneme free length (um),Haploneme width (um),Desmoneme length (um),Desmoneme width (um),Rhopaloneme length (um),Rhopaloneme width (um),Cnidoband length (um),Cnidoband free length (um),Cnidoband width (um),Haploneme row number (um),Tentacle width (um),Pedicle width (um),Elastic strand width (um),Involucrum length (um)
S2,Abyla bicarinata,BWP 2053-13,111.2,7.8,3542.367629,76.5,6.7,8,59.2,9.3,18.6,11.8,12.7,3.2,308.3,308.3,50.9,7,,16.3,12.2,0
M2,Abylopsis tetragona,VFSS 13-04-11,172.8,17.3,27079.18456,44.7,5,12,54.8,10.8,26.9,17,15,5.4,862.5,914.9,65.9,7,45.6,16.7,25.9,0
R9,Abylopsis tetragona,VF#15,131.4,9,5572.88424,123.6,6.7,8,35.3,5.5,18.3,12,12.3,2.9,389.9,399.2,52.2,7,35,16.7,11.4,68.5
T6,Abylopsis tetragona,SL0303S,113.2,16.4,15941.66802,101,6.1,8,45.8,8.6,20.4,15.5,22.7,5.3,644.4,689.6,62.7,7,34.7,27.5,11.7,105.9
U6,Abylopsis tetragona,JSL I 2950-CG-7,134.6,15.4,16714.22097,78.8,5.6,8,42,9.6,16.8,13.9,12.4,3.4,558,617.3,61.6,7,31.8,28.5,11.7,121.7
V6,Abylopsis tetragona,JSL I 2953-CG-3,112.5,11,7127.505,74.1,3.1,12,30.8,7.6,14.6,6.2,13,2.9,439.4,474,48.5,7,71.3,32.6,8.9,82.6
V4,Agalma clausi,BWP 1092-6,80,14.9,9299.55488,52.3,10.4,8,45.6,6.2,8.6,5.3,7.2,1.9,274.8,850.5,123.6,18,175.2,43.4,24.4,662.6
H6,Agalma elegans,VF2016-5,90.6,16.4,12758.96751,78,7.1,14,25.9,4,5.8,5.4,7.8,2,517.1,1835.9,83.9,13,85.7,71.2,15.4,369.4
I6,Agalma elegans,SL0210,106.8,17.6,17321.92788,92.3,6.8,7,29.4,4.9,5.5,4.4,8.9,2.4,304.3,1131.2,62.8,14,101.9,82.3,20.2,312.5
I9,Agalma elegans,RI3-7-18,123.1,18.4,21821.93897,71.5,4,9,33.7,5.7,5.9,4.2,7,1.7,268.2,1135.9,68.1,14,66.4,53.5,31.7,295.7
J6,Agalma elegans,BWD100212MB,123.2,16.6,17775.69221,76.5,6.2,14,36.8,4.7,4.7,4,8,2,358.2,1374.9,71.7,14,93.4,47.6,24,394.3
Q2,Agalma elegans,SL0205T,94.9,14.3,10161.03448,64,5.7,8,33.7,4.7,5.2,4.5,6.4,1.9,266.6,1215.8,46.9,10,103.1,48.7,22.1,310.3
B9,Agalma okeni,BWP 786-19,93,18.4,16486.11149,43.5,3.5,43,61.3,7.5,8.2,6.5,5,1.5,679.4,5152,84.6,14,139.6,61.2,25,734.7
C9,Agalma okeni,BWP 792-36,96,18.1,16467.51322,45.4,4.3,59,52.7,8.3,5.8,3.7,11.8,2.9,630.8,2966.7,103.9,12,88.9,30.4,19.7,630
D9,Agalma okeni,D724-BW3-3,143.7,21.6,35104.59026,76.5,7.4,52,56.8,10.1,6.5,4.3,9.9,3,1010.8,4908.9,126.2,14,88.5,41.2,27.4,1076.1
H9,Agalma okeni,D723-BW3-1,135,19.4,26603.38296,71.3,8.5,59,53.5,12.3,6.7,4.7,8.2,2.7,997,4581.5,125.5,14,119,72.9,26.7,1123.7
O1,Agalma okeni,BWP 565-5,104.3,23.7,30674.7222,73.8,7.5,32,44.7,8.4,6.3,4.9,7.9,1.1,631.5,4060.6,96.1,14,126.9,60.5,24.9,765.8
P2,Amphicaryon earnesti,Discovery St. 7856#24,18.9,9.6,912.0190464,,,4,17.5,4,5.4,5.1,9.9,2.2,57.4,62.2,26.3,7,,,,
B11,Apolemia lanosa,D1024-D1,23.7,14.8,2718.137453,26.2,3.6,-1,-1,-1,-1,-1,-1,-1,-1,-1,-1,-1,63.5,-1,-1,-1
M3,Apolemia lanosa,D858-D6,25.7,15.4,3191.348283,14.6,2.4,-1,-1,-1,-1,-1,-1,-1,-1,-1,-1,-1,51.5,-1,-1,-1
O7,Apolemia lanosa,D614-D2,23.825,15.325,2929.769905,35.5,5.225,-1,-1,-1,-1,-1,-1,-1,-1,-1,-1,-1,52.6,-1,-1,-1
P7,Apolemia lanosa,D668-SS1,21.6,13,1911.34944,56.7,3.8,-1,-1,-1,-1,-1,-1,-1,-1,-1,-1,-1,32.1,-1,-1,-1
Q7,Apolemia lanosa,D552-SS8,17.2,13.8,1715.087405,46.4,3.2,-1,-1,-1,-1,-1,-1,-1,-1,-1,-1,-1,56.8,-1,-1,-1
A9,Apolemia rubriversa,D558-D4,14.6,9,619.20936,26,2.1,-1,-1,-1,-1,-1,-1,-1,-1,-1,-1,-1,7.8,-1,-1,-1
D8,Apolemia rubriversa,D651-D5,13.2,8.6,511.1760192,15.1,1.7,-1,-1,-1,-1,-1,-1,-1,-1,-1,-1,-1,17.8,-1,-1,-1
H10,Apolemia rubriversa,D551-D5,13,8.1,446.594148,19.1,1.8,-1,-1,-1,-1,-1,-1,-1,-1,-1,-1,-1,24.3,-1,-1,-1
O10,Apolemia rubriversa,T673-D2,13.8,9,585.28008,33.6,2.8,-1,-1,-1,-1,-1,-1,-1,-1,-1,-1,-1,26.7,-1,-1,-1
Q3,Apolemia rubriversa,D668-D7,33.2,16.5,4732.66332,27.3,4,-1,-1,-1,-1,-1,-1,-1,-1,-1,-1,-1,66.7,-1,-1,-1
F4,Apolemia uvaria,NorthBergen 12-01-97,20.9,12.8,1792.940442,36.6,3.2,-1,-1,-1,-1,-1,-1,-1,-1,-1,-1,-1,76.1,-1,-1,-1
N6,Athorybia rosacea,D725-BW4-7,47.3,16.5,6742.61973,41.7,8.5,14,23.4,4.4,6.6,5,6.8,2.2,175.6,514.9,53,7,106.2,92.2,9.7,180
O6,Athorybia rosacea,BWP 1035-18,47.4,16.2,6513.403882,43.8,5.3,16,22.2,4.5,7.4,6.6,8.8,2.1,279.7,551.5,61.1,9,102.8,38.9,10.4,203.8
P6,Athorybia rosacea,BWP ATR-1010,31.5,13.9,3186.689814,25,3.8,4,26.5,4.4,6.8,4.7,7.7,2.4,114,216,55.4,11,112.8,58.6,12.8,119.8
Q9,Athorybia rosacea,BWP 451,32.7,11.9,2424.606769,35.5,3.8,4,22.5,4.4,6.7,4.3,6.7,1.7,108.5,155.7,46,9,58.1,14.6,8.9,150.8
T2,Athorybia rosacea,BWP 1036-10,43.1,16.5,6143.90931,30.4,3.1,20,29.8,4.8,12.1,11,7.5,2.5,265.8,487.8,54.5,14,83.5,61.3,6.7,119
E2,Bargmannia amoena,D861-D12,95.2,65.8,215818.3528,74.9,13.3,11,14.1,9.1,-1,-1,-1,-1,4621.3,6593.5,82.6,4,260,78,-1,0
E9,Bargmannia amoena,JSL II 992-CGP3,75.4,56,123807.5238,59.2,12.6,7,11.4,11.4,-1,-1,-1,-1,1163.7,1391.2,140,8,120,39,-1,0
F1,Bargmannia amoena,D861-D12,94,69.6,238421.8045,75.8,16.1,14,23.8,17.5,-1,-1,-1,-1,5424.4,9056.5,45.8,4,300.4,75.9,-1,0
F9,Bargmannia amoena,JSL II 995-D3,95,65.4,212754.4927,60,13.4,4,13.8,13.8,-1,-1,-1,-1,664.5,748.9,80,4,127.2,53.3,-1,0
U8,Bargmannia amoena,JSL I 2657-D8,81.2,56.5,135722.7225,44.9,10.8,6,8.3,8.3,-1,-1,-1,-1,874.2,1121.5,131.3,12,200,57.8,-1,0
H3,Bargmannia elongata,D494-SS9,92.2,58.6,165777.5782,50.6,9.1,4,8.5,6.7,-1,-1,-1,-1,2395.8,3293.5,33,4,160,28.5,-1,0
J8A-B,Bargmannia elongata,D328_SS12,84.7,55.5,136605.7608,57.7,6.9,4,7.5,6,-1,-1,-1,-1,507.1,793.1,62.5,8,128.8,50.2,-1,0
K8,Bargmannia elongata,D856-D3,,,,,,,,,-1,-1,-1,-1,,,,,136.9,,-1,
L8,Bargmannia elongata,D960-SS3,102.1,73.1,285667.0394,79.7,12.3,4,10.1,9.7,-1,-1,-1,-1,2328,3920.4,40.4,4,300,120.8,-1,0
W4,Bargmannia elongata,D554-SS3,87.6,56.2,144869.3045,74.1,11,4,5.1,5.1,-1,-1,-1,-1,2286.1,2595,36.6,4,250,64,-1,0
Y2,Bargmannia elongata,D153-SS1,80.1,58.5,143530.397,50.5,9.8,2,9.8,6.9,-1,-1,-1,-1,404.2,561.8,30,8,220,38.2,-1,0
A2,Bargmannia lata,D555-SS1,158.6,114.1,1081120.518,135.6,19.1,12,17.8,13.7,-1,-1,-1,-1,4297.1,12682.7,100.4,7,,145.7,-1,0
W3,Bassia bassensis,BWP 1497-15+16,73.8,10.3,4099.495831,49.8,2.9,8,41.6,6.8,19.9,10,10,3.4,224.8,237.4,53.3,7,37.1,26.2,8.6,26.1
H4,Cardianecta parchelion,JSL I 2633-DS1,42,13.2,3831.746688,16.7,4.5,,34.9,4.8,15.3,12.4,,,537.6,,41.3,9,,91.7,33.8,727.2
Z1,Ceratocymba dentata,BWP 933-2,154.3,13.2,14077.10748,138,3.6,18,37.4,7.1,12.9,6.8,10.8,3.4,416.6,416.6,,,44.8,43.1,6.6,0
W1,Ceratocymba leuckarti,BWP 1034-4,108,9.3,4890.905712,94.1,2.7,8,45.4,8.2,17.4,8.7,13.4,3.4,304.7,331.8,57,7,38.7,18.8,14.1,25.5
D11,Chelophyes appendiculata,D1019-BW01,55.6,5.6,912.9573376,49,1.9,6,22.1,4.5,6.2,4.3,8.9,2.3,124.4,191.1,14.8,7,12.3,4,6.3,8.9
L7,Chelophyes appendiculata,BWP 24052004,67.1,5.8,1181.892958,40.6,1.8,8,26.8,4.5,13.6,8.1,14.6,3.3,225.3,277.5,50,7,57.4,10.3,7.1,8
M7,Chelophyes appendiculata,VF2016-82,57.9,6,1091.39184,47,1.6,6,17,3.8,7.8,4.5,8.7,2.6,143.1,162.1,28.7,7,39.5,11.1,7.7,19.4
N7,Chelophyes appendiculata,VF#4,55.4,4.8,668.3314176,37,2.5,8,25.2,3,11.1,8.8,8.6,2.3,128.9,139.6,20.4,7,22.4,6.2,6.5,25.6
S3,Chelophyes appendiculata,V14,63.2,5.6,1037.750067,34.3,2.9,10,19.7,4,16.5,6.9,8.2,2.1,161.4,169.6,30.8,7,12.4,4.2,3.5,15.4
X5,Chuniphyes moserae,D959-SS3,66,7.8,2102.484384,156.4,9.1,12,35.7,5.7,9.4,7.2,9.3,2.2,158.9,232.5,40.3,7,,43.5,,0
C3,Chuniphyes multidentata,D494-SS8,119,8,3987.7376,89.2,3.5,16,36.6,5,13.4,9.6,15,3.1,212.3,269.7,34.9,7,72.1,16.9,12.3,35.7
W8,Chuniphyes multidentata,D493-SS2,74.4,7.3,2075.956714,53,2.4,12,30.7,3.7,8.1,6.5,9.1,2.6,145.9,223.1,29.6,7,30,21.6,7.9,57.8
W9,Chuniphyes multidentata,D107-S9,85.4,6,1609.75584,71,2,30,33.5,4.5,12.1,7.2,9.4,2.2,249.5,324.5,29.9,7,29.2,20.7,5.1,0
X10,Chuniphyes multidentata,D1023-SS12,98.2,7.7,3048.544761,90.9,3.6,40,37.1,4.9,11.7,7.7,12.8,2.9,267,435.6,54,7,44.2,23.1,7.9,0
Y10,Chuniphyes multidentata,D1025-SS9,104.8,8.8,4249.386803,93.8,2.6,34,39.9,5.2,13.8,8.4,12.2,2.8,238.5,332.8,36.5,7,68.9,19,13.7,0
R4,Cordagalma bimaculatum,T1043-D1,27.4,13.4,2576.082678,20,3,5,20.7,4.9,11.1,6.3,-1,-1,108.3,108.3,76.5,7,31.2,17.2,-1,0
F10,Cordagalma ordinatum,GOC D728-BW7-3,14.1,6.5,311.92161,6.5,1.5,5,19.6,1.9,-1,-1,-1,-1,35.9,35.9,34.6,11,15.4,7.3,3.7,11.6
G8,Cordagalma ordinatum,Oceanus 368-25-19A BWP,14.9,6.7,350.2156196,8.2,1.9,5,19,1.7,-1,-1,-1,-1,35.9,35.9,34.5,10,27.9,7.9,4.2,13.5
K11,Cordagalma ordinatum,BWP 816-6,15.8,6.5,349.52918,,1.6,5,,,-1,-1,-1,-1,57.5,57.5,32.5,,17.5,17.5,3.5,10
I8,Cordagalma ordinatum,VFSM - Totton spec. C00,13.6,5.9,247.8806176,6.4,1.8,5,11.5,1.6,-1,-1,-1,-1,33.1,33.1,31.2,8,7.7,5.5,4,11.1
O4,Cordagalma ordinatum,BWP 370-6-6,12,4.4,121.642752,7.2,1,5,19.8,2.6,-1,-1,-1,-1,40.1,40.1,25.8,9,7.2,4.1,2.9,0
J4,Craseoa lathetica,D497-SS6,135.5,7.8,4316.464152,74.4,3,32,48.5,5.8,20,13.5,23.7,5.9,237.5,476.2,68.1,7,24.3,9.7,10.8,56.9
T9,Craseoa lathetica,D330-S11,84.5,8.3,3047.982938,76.2,3.5,32,56.4,7.8,17,13.5,31.8,8.8,387.7,560.4,82,7,166,37,39.4,273
U3,Craseoa lathetica,D497-SS6,64.8,8.7,2568.107203,52.7,4.3,36,44.7,5.4,16.6,8.8,14.6,2.1,232.6,460.2,60,7,49.4,9.9,11.7,42.5
U7,Craseoa lathetica,T1043-SS7,95.6,7.7,2967.829726,80.6,3.6,36,42.4,6.1,11.4,8.2,21.9,6.9,245.6,342.8,43.7,7,58.6,20.2,11.8,50.1
V7,Craseoa lathetica,D614-D4,87.2,8.6,3376.859763,56.1,2,36,39.2,6.8,7.3,5.1,7.8,1.8,226.9,534,53.2,7,200,34.2,10.4,51.3
W7,Craseoa lathetica,D611-SS7,84.3,7.6,2549.496365,64.2,3.8,36,39.2,4.8,13.7,9.5,14.5,3.2,255.8,403,55.5,7,260,60,11.6,51.1
E10,Desmophyes haematogaster,T847-D5,59,12.3,4673.711196,36.4,3.3,8,21.9,4.1,11.4,7.1,13.8,3.3,155.1,210.9,29.2,7,24.7,13.3,8.3,55.9
G10,Desmophyes haematogaster,T854-D5,46.6,10.6,2741.557034,40.1,3.8,8,26.6,3.3,10.8,8.3,24.2,5,175,267.4,49,7,34.4,15.2,6.7,0
J2,Desmophyes haematogaster,V2716-SS2,175.4,8.8,7112.046234,127.6,3.1,20,48.8,6.9,14.4,11.7,13.1,4.9,294.4,370.9,49.1,7,81.2,69.9,29.6,0
V8,Desmophyes haematogaster,V3642-SS3,50.9,11.7,3648.288244,39.9,3.1,8,27.3,4.1,9.2,4.4,9.4,3.5,141.9,204,39,7,33.9,31.9,9.8,24.1
Y1,Diphyes bojani,BWP 1060-2,60.8,5.4,928.3051008,36.7,2.1,6,21.7,3,8.6,5.1,7.3,1.6,132.7,157.5,,,,13.6,,22.8
A3,Diphyes dispar,RI8-27,91.8,9.2,4068.346867,46.3,2.6,10,22,6,17.9,9.3,9.2,3.4,213.1,213.1,35.1,7,24.5,13.3,6.4,54
K9,Diphyes dispar,BW1-2 17Sept2014,82,6.2,1650.429088,65.1,2.4,8,35.5,3.5,12.7,7.6,13,4.1,209.9,228.8,28,7,68.6,11.3,9.1,53
W6,Diphyes dispar,BWP 567-16,122.5,10.9,7620.59221,101,3,6,31.9,5.7,15,9.5,15.6,3.6,216.6,260.4,45.5,7,60.8,16.7,10.5,34.4
X6,Diphyes dispar,D667-BW4-3,80.3,9.7,3956.021577,60.8,2.9,10,36.4,5.9,13,6.2,17.2,4.8,261,305,36,7,52.8,27,12.1,12
Y6,Diphyes dispar,BWP 1503-2,79.2,9.8,3982.694285,66.2,2.8,6,26.7,4.8,12.5,7.9,12.1,4,158.5,262.2,37.4,7,39,15.3,7.5,36.6
E11,Erenna laciniata,D1024-D4,140.6,22.1,35955.84553,116.7,4.7,202,49.9,16.3,-1,-1,-1,-1,1945.7,2275.9,112.3,25,1200,209.7,-1,0
G4,Erenna laciniata,JSL II 1688-SS3,110.3,19.7,22413.39282,72.7,7.9,212,35.1,18.9,-1,-1,-1,-1,2275,2587,146,11,800,317.3,-1,0
L11,Erenna laciniata,D325-SS1,98.7,16.8,14585.97128,92.9,5.2,170,17,9.7,-1,-1,-1,-1,1712,2267,271.2,15,1600,131.8,-1,0
Q10,Erenna richardi,V2243-D? 1003m,195.6,29.9,91561.0712,127.1,7.9,762,32.4,17.7,-1,-1,-1,-1,16103,16604,255.9,32,1280,513.7,-1,0
W2,Erenna richardi,JSL II D1456-DS1,136.9,26.9,51868.97263,125.8,12.4,1080,66.2,21.5,-1,-1,-1,-1,12733.6,12733.6,828.4,26,1200,231.5,-1,0
L5,Erenna sirena,D860-D6,181.9,18.6,32950.21293,152.3,7.5,250,23.6,21.5,-1,-1,-1,-1,4474.1,4474.1,264.2,12,1280,170.1,-1,0
W0,Erenna sirena,D860-D6,135.5,18.5,24281.88455,109.8,4,224,35.8,20.2,-1,-1,-1,-1,4247,4247,441,20,,204.7,-1,0
K6,Forskalia asymmetrica,JSL I 1407-D8,41.4,19.2,7991.024026,30.7,4.3,150,56.7,7.7,16.9,8.7,18.4,5.9,1232.2,3273.9,150,19,264.9,85.5,23,0
L6,Forskalia asymmetrica,JSL II 1684-D1,42.6,17.7,6988.046234,27.6,5.1,148,41.5,6.9,10.1,7.6,10.1,3.6,661.1,2302.7,125.8,17,206.9,50.5,29.3,0
P10,Forskalia asymmetrica,JSL II 1680-D4,42.7,14.8,4897.234989,29,4,140,47,6.1,13.9,9.4,12,4.3,820.2,2960.5,112.9,19,101.5,101,13.8,0
U1,Forskalia asymmetrica,T595-SS3,67,18.9,12531.35545,48.9,5.9,46,19.5,8.3,12.9,9.2,17.7,5.8,1028.8,2501.2,230.3,24,320,109.8,31.9,0
G11,Forskalia asymmetrica,JSL II 987-D7,48.3,16.5,6885.16983,29.8,3.7,96,46..2,6.2,14.5,7.6,14.1,4.7,1134.4,2797,161.5,19,93.1,64.7,22.8,0
C6,Forskalia edwardsi,BWP 529 For39,35.2,14.3,3768.897933,30.9,3,32,32.6,4.7,14.9,10.2,13.8,3,317.4,937,88.1,13,80,71,16.3,0
D6,Forskalia edwardsi,BWP 599-21 For13,37.6,15.3,4608.614102,28.6,3.1,24,29.8,6.5,9.6,6.7,11.1,4.4,290.9,891,105.9,16,82.2,61.2,17.5,0
L9,Forskalia edwardsi,D722-BW1-1,31.5,13.7,3095.646246,23.3,2.7,38,22.2,6.2,9.8,5.9,10.2,2.9,271.3,778.6,74.5,13,43.5,31.5,19.1,0
V1,Forskalia edwardsi,BWP 1042-6,30.2,12.1,2315.140335,20.1,3.2,28,36,5.6,9.9,6.1,8.2,3.1,379.5,776.4,77.3,16,53.5,34.4,18.6,0
B6,Forskalia edwardsi,BWP 542-15,35,13.7,3439.60694,19,4.2,38,32.9,7.1,9.3,6.1,11,3,351.8,779.3,91.5,13,90,56.9,16.2,0
R3,Forskalia formosa,D666-D11,37.8,16.9,5652.815969,23.1,4.6,60,39.7,6.8,14.5,10.5,13,5.7,751.9,1668.6,113,16,100,43.7,8.7,0
L3,Forskalia tholoides,BWP 1072-2,43.6,21.8,10849.23495,28.3,5.8,,40.6,6.3,14.2,8,11,4.3,601.4,1378,101.5,16,106.5,62.5,11.2,0
E6,Frillagalma vityazi,D964-D8,63.5,16.8,9384.084864,41.3,6.4,3,34.2,4,-1,-1,-1,-1,98.2,115,25,5,51.8,33.6,7.2,0
F6,Frillagalma vityazi,D665-D4,88.1,22.2,22734.29521,63.6,4.9,4,46.3,6.4,-1,-1,-1,-1,164,185,35,5,51.6,10.2,6,122.4
G6,Frillagalma vityazi,D457-SS3,81.5,32,43697.5616,73.4,6.1,3,45.8,7.5,-1,-1,-1,-1,143.4,243.7,43.5,5,62,47.7,10.9,155
H1,Frillagalma vityazi,D858-SS4,88.9,36.8,63037.21769,64.1,11.7,3,59.8,7.9,-1,-1,-1,-1,185.5,215.8,91,5,75.3,30.6,8.2,185.5
P9,Frillagalma vityazi,D556-D3,88,14.8,10092.66227,57.6,4.7,3,44.8,5.8,-1,-1,-1,-1,107.5,159.6,36.4,5,65.4,14.8,6.5,146.9
I10,Gymnopraia lapislazula,V4098-D4,83.9,10.6,4935.979294,49.6,2.5,2,22.1,4.2,10,8.2,10.4,2.5,128.1,185.5,41,7,62.7,13,9,39.8
U10,Gymnopraia lapislazula,D1020-SS1,93.3,10.9,5804.091863,59.4,2.9,2,29.1,5.4,9.8,5,11.2,2.5,202,244.4,43.6,7,116,24.9,17.5,0
V10,Gymnopraia lapislazula,D1022-SS3,91.1,10.8,5563.723334,73.6,2.3,2,29.7,6.4,11.7,6.9,12.7,3.6,184.1,245.4,40.1,7,66.9,37,16.9,24.9
W10,Gymnopraia lapislazula,D1022-SS5,87.7,11.2,5760.169677,71.8,3.3,2,30.2,6.3,9.7,6,11.4,2.4,200.7,226.5,37.4,7,89.9,16.3,18.4,16.2
W5,Gymnopraia lapislazula,D965-D4,81.5,9.4,3770.621624,73.2,4.3,2,24.5,4.3,9.4,6.7,9.8,3,196.9,218.7,47.5,7,34.7,14.7,12.5,70.9
I3,Halistemma cupulifera,Discovery St. 3185,43.5,22.5,11530.65375,31.3,7.2,,,,30.7,19.8,20.4,5.4,686.4,2496,97.2,21,,58.5,23.8,37.2
U2,Halistemma foliacea,SL0401ST,83.8,31.1,42438.93087,53.5,9.2,,63.5,11.9,31.6,17.1,28.1,11.3,3392.9,12904.8,421.7,36,,264.2,182.3,487.2
L10,Halistemma rubrum,VF 16-04-2003,53.6,17.5,8594.894,34.5,4.4,150,46.8,6.8,10,6.7,14.7,5.7,2011.3,5567.6,224.7,26,114.3,34.8,72.2,0
M10,Halistemma rubrum,D720-D1,64.2,19.9,13311.92367,35.2,5.3,136,46.6,7,11.8,6.9,14.1,4.2,1499.9,6648.2,216.5,26,260,137.2,51.1,0
T3,Halistemma rubrum,D339-D12,39.6,15.5,4981.47804,24.5,4.7,,31.5,5,9.4,4.8,17.8,5.2,816.4,2609.3,71.5,18,170.6,64.7,41.9,0
I11,Halistemma rubrum,JSL II 2656-DS6,38.3,9.8,1925.974635,26.7,3.1,,32.5,6.7,6.9,3.7,10.2,2.9,978.5,2354.4,159.5,20,140,38.8,27,18.8
N3,Halistemma transliratum,SL0301T,72.8,25.4,24592.26049,58.6,8.5,,53.3,12.1,19.3,9.1,26.2,10,1673.6,7780.4,252.7,24,,175,,261.3
B1,Hippopodius hippopus,VF#6,65.3,7.4,1872.303541,39.9,2.7,8,27.2,4,14.2,8.6,7.5,1.7,101.6,137.8,81.6,7,33.9,15.2,7.3,49.8
F7,Hippopodius hippopus,Discovery St. 7824#56,74,11.7,5303.994696,57.8,3.4,8,21.9,3.7,14.8,9.1,11.6,2.6,114.9,155.5,33.4,7,109.2,12.6,5.1,22.8
G7A-B,Hippopodius hippopus,BWP 1027-12,61.7,7.6,1866.001491,42.7,2.4,8,21.7,4.3,8,5.4,13.4,2.7,91.7,198,33.2,7,54.6,6.2,5.8,18.8
H7A-B,Hippopodius hippopus,VF#7,60.4,10.7,3620.796626,49.5,2.6,8,24.7,4.1,8.1,5.2,13.2,2.8,115.4,198.7,31.5,7,55.6,14.6,7.9,51.5
U9,Hippopodius hippopus,VF#8,57.5,9.8,2891.47628,43.8,2.8,10,32.4,5.2,10.6,6.1,12.5,2.6,106.4,123,34.6,7,44,13.6,9,73.6
G3,Kephyes ovata,D856-D8,85.1,6.7,2000.22478,73.9,2,12,32.9,4.2,12.6,7.9,12.9,3.2,112.5,121,54.5,7,34.6,18.7,8.5,12.3
A8,Lensia conoidea,JSL I 2953-SS11,51,6.7,1198.724604,37.3,1.8,6,21.6,4,10.2,7.3,10.9,2.8,146.4,165.1,33.6,7,18.4,14.9,9.1,15.6
B10,Lensia conoidea,D499-SS4,60.3,7.2,1636.748467,37.2,2.6,6,21.4,3.7,8.4,4.9,11.2,2.6,144.2,181.5,33.7,7,41.7,14.7,9.3,27.7
B8,Lensia conoidea,JSL I 2941-SS11,54.8,5.9,998.8130768,48.8,1.6,6,22.7,3.7,8.3,4.5,10.8,2.7,139.1,166,29.8,7,17.5,5.7,7,36.2
C8,Lensia conoidea,JSL I 2935-DS5,50.2,5.6,824.2888192,33.1,1.8,8,24.3,4.4,7.7,4.4,12.9,2.6,164.7,195.1,38.3,7,17.5,15.1,9.1,22.5
T4,Lensia conoidea,D500-D4,77.8,6.9,1939.444769,60.5,3,8,29.6,5.1,13.1,8.7,8.2,2,147.2,226.4,40.2,5,22.3,20.1,6.2,10.1
J10,Lilyopsis fluoracantha,V4098-SS4,144.4,12.8,12387.58851,106.8,4.3,36,59.4,8,15.8,11,23.5,5.5,674,698.2,116.8,7,80,23,21.8,22.4
V5,Lilyopsis fluoracantha,D963-D8,157.7,18.3,27652.44331,148.4,6.2,28,57.6,10.1,23,11.5,24.3,5.8,548.5,940.5,104.8,7,78.7,25.7,14.7,151.8
L2,Lilyopsis medusa,WF BWP 30-09-06,40.5,4.3,392.095242,25.6,2.8,20,26.5,4.2,22.8,13.2,13,3.2,254.6,400.6,43.3,7,52.8,44.4,7.7,131.4
C7,Lychnagalma utricularia,JSL II 990-SS1,74.2,20.1,15696.24099,55.7,6.7,616,59.5,10.5,-1,-1,-1,-1,1693.6,11727,183.6,15,800,164.1,90.4,1693.6
D7,Lychnagalma utricularia,D331-D8,81.5,22.1,20842.11529,48.6,5.1,556,37.4,6.8,-1,-1,-1,-1,2591,18895,200.2,22,800,221.2,61.1,2591.5
E7,Lychnagalma utricularia,D962-D4,74.8,18.7,13695.70676,59.2,7.4,834,60.8,12.8,-1,-1,-1,-1,2748.7,19276,215.4,15,600,240,93,2748.7
F3,Lychnagalma utricularia,JSL II 1673-6,82.5,15.2,9980.23488,64.9,5.9,496,43.4,7.1,-1,-1,-1,-1,2599.7,48619.4,215.4,23,276.5,75.9,83.4,2200
K2,Lychnagalma utricularia,JSL II 981-CGP6,84.1,17.8,13951.97336,55.8,5.9,400,53.1,7,-1,-1,-1,-1,1634.5,13621.1,183.1,24,520,128.8,72,1519.3
C11,Marrus claudanielis,D1019-D9,94.9,22.2,24489.04218,75.8,5.9,212,44.2,6.7,21.4,12.2,23.5,7.5,1706.5,6272,167.8,19,130.7,136.2,40.2,0
E3,Marrus claudanielis,D153-D7,100.7,23.1,28135.39834,82.9,5.8,254,54.9,9.9,16.8,12.1,18.4,6.4,20347.4,21510,122.8,13,480,97.8,24.8,113.6
Y8,Marrus claudanielis,D959-SS2,82.9,24.8,26696.69686,59.1,4.2,450,48.2,6.6,16.8,12.4,17.5,6.1,2152.5,7994.2,138.4,21,235,136.9,35.4,0
Z8,Marrus claudanielis,T1105-D5,80.5,21.2,18943.80611,52.1,5.5,318,41.6,6,10.8,6.3,17.8,3.4,1196.9,6521.2,96.3,15,400,62,37.2,0
F2,Marrus orthocanna,D858-D11,49.1,12,3702.06144,40.3,5.8,38,31.3,4,14.3,8.4,13.8,4.4,691.4,691.4,102.6,16,80.7,38.6,14.3,27.5
A11,Nanomia bijuga,D1023-SS2,39.1,18.8,7235.892294,26,3.3,170,50.8,9.6,15.6,8.3,19.9,7.2,1282.9,7100.6,194.6,22,279.7,108.3,14.9,378.3
A6,Nanomia bijuga,VF2016-6,19.4,10.8,1184.810458,11.4,3.4,8,17.4,3.7,14.8,8,20.3,4.1,126.4,569,67.2,11,19.2,14.6,24.6,54.8
J1,Nanomia bijuga,D860-BW1-C,32.1,15.8,4195.839278,21.7,3,32,31.9,4.1,11.2,5.1,9.7,2.4,355.2,1562.5,43.5,14,164.5,76.6,15.6,122.5
J9,Nanomia bijuga,D663-SS8,47.3,23.9,14146.7468,33.6,7,62,24.4,5.6,14.2,8.2,19.4,5,1131.9,5156.6,166.4,28,228,130,33.2,490.5
Y5,Nanomia bijuga,BWP 1048-17,31.1,14.4,3376.641946,18.3,4.3,32,27.4,5.1,14.7,7.2,18.4,4.5,292.2,1225.9,82.4,15,67.9,28.4,25.6,206.7
Z5,Nanomia bijuga,"Sep 21, 2014",36.7,19.8,7533.487685,29.1,6.4,358,27.3,5,25.8,8.7,23.9,6.2,1257.3,5823.9,187.5,27,156,122.7,85.8,821.1
A10,Nanomia cara,BWP 1420-11,28.2,16.1,3827.370439,19.1,2.3,60,31.4,6.3,9.9,4.3,9.8,2.3,299.8,1084.3,81.5,13,44.6,22.7,11.6,58.6
P1,Nanomia cara,1445-4,27.7,13.5,2643.30297,21.9,4.7,38,27.5,4.5,13.1,6.5,9.4,2.3,330.1,1019.5,73.5,13,53.6,27.9,17.7,0
P4,Nanomia cara,2138-S9,27.5,13.1,2471.01239,24.1,6.5,542,44.4,8.3,15.9,9.8,18,4.9,1373.1,5319.9,114,20,180,28,171.2,436.6
Z9,Nanomia cara,BWP 1420-10,27.6,9.4,1276.92217,20.1,4.5,54,23.1,7.5,12.9,7.1,12.5,4,242.4,929.5,80.8,15,51.4,33.7,27.6,0
M11,Nanomia cara,BWP 1448-3,30.8,11.2,2022.955827,21.1,3.6,56,24.3,5.5,10.5,5.3,11.3,3.6,278.9,1124,77.6,17,80.3,31,21.4,56.8
Y4,Nectadamas richardi,Discovery St. 10111#6,73.8,14.6,8236.860509,,,6,74.4,9,,,,,,,,,,9.2,6.7,0
I7,Physalia physalis,TX026,-1,-1,-1,-1,-1,0,24,18.8,-1,-1,-1,-1,529.7,576.3,193.7,21,288.9,146.5,-1,0
J7,Physalia physalis,YPM35011,-1,-1,-1,-1,-1,0,20,17.5,-1,-1,-1,-1,629.5,280.4,222.3,13,1111,136.5,-1,0
K7,Physalia physalis,Pp20130706WH,-1,-1,-1,-1,-1,0,27.3,24.5,-1,-1,-1,-1,591,646.3,329.1,38,283,101.1,-1,0
V2,Physalia physalis,WH 20130706 Corm#3,-1,-1,-1,-1,-1,0,27.6,25.4,-1,-1,-1,-1,1312.7,1674.9,534.6,42,683.1,278.3,-1,0
X9,Physalia physalis,YPM35012,-1,-1,-1,-1,-1,0,18.8,18.6,-1,-1,-1,-1,559.8,714.8,197,34,221.1,185.9,-1,0
Q4,Physonect sp,D666-SS11,126.3,19.4,24888.94272,80.7,6.3,54,75.2,9.2,19.5,13.9,31.9,12.5,774.6,783.5,230.5,26,156.8,52.7,32.4,0
B2,Physophora hydrostatica,1845 - 5,58.1,15.4,7214.682306,42,5.8,9,32.2,5.7,6.1,5.2,9.5,2.3,391.9,1762.4,58.2,10,113.7,69.5,13.4,451
L1,Physophora hydrostatica,ENS43,103.4,23.7,30410.03141,73.9,7.5,54,42.4,7.1,-1,-1,-1,-1,918,5004.4,113.5,16,256.5,80,25,1085.2
N9,Physophora hydrostatica,D551-D11,97.8,25.8,34086.14637,70.9,5.1,38,52.4,7.7,7.3,5.9,12.1,2.7,921.5,4408.5,83.2,12,224.1,203.1,30.1,990
O9,Physophora hydrostatica,EN543-T1,86.1,18.3,15097.49758,60.7,5.2,47,50.2,10.4,7.7,4.6,15.1,3,917.5,4718.1,119.9,17,276,82,31.7,999.4
X4,Physophora hydrostatica,EN182 1845-5,58.9,12.2,4590.231554,49.2,5.9,20,26.1,4.7,-1,-1,-1,-1,365.6,1725.3,54.1,10,219.8,59.7,16.8,430.5
A1,Praya dubia,JSL I 1003-S8,121,16.7,17669.24328,57.2,3.8,32,92.1,7.8,17.8,12.4,25.6,4.6,319.9,692.3,57.3,7,45,21.6,10.3,0
S8,Praya dubia,JSL II 1684-2 (9),145,15.5,18240.2605,104.5,4.3,50,80.1,8.6,14.6,11,30.5,6,420.5,893.2,92.6,7,107.1,37.2,12.4,0
T8,Praya dubia,D962-T1,117.6,12.1,9015.248458,90.6,4.4,22,56.3,6.7,13.2,8.4,18.5,4.4,253,550.9,59.9,7,123.4,61.3,7.6,0
D5,Praya reticulata,KOK17_D Trawl022117,207.9,15,24492.699,167.7,7.9,72,97.9,10.9,18.5,13,33.3,7.6,671.7,1913.9,78.1,7,,99.4,24.4,0
U5,Resomia dunni,D963-D4,277.1,44.8,291200.5505,233.3,15.4,,93.9,11.5,36.7,18.1,28.9,10.7,,12820,342.5,27,,136.4,101.8,
R10,Resomia ornicephala,D1025-D10,71.6,19.8,14697.48551,48,5.4,246,61.9,9.7,20.6,17.4,24.8,5.9,needMature,4892.1,191.4,22,178.2,75.7,48.9,needMature
S10,Resomia ornicephala,D1025-SS5,66,15.1,7879.478376,37.7,6.6,194,63.3,10.1,18.7,14.2,24,7.2,needMature,4757.5,163.3,25,356.2,168.9,45.2,444.7
S5,Resomia ornicephala,D965-D7,65.8,15.5,8277.30442,50.5,5.2,216,71.4,9.4,19.3,16.9,25.5,7.2,1446.4,5097.7,195.7,22,203.5,173.1,35.7,676.3
T10,Resomia ornicephala,D1025-SS6,71.5,21.4,17144.8317,55.9,5.5,168,72,10,20.1,18.8,24.1,7,1877,6223.3,112.8,24,263.6,108.3,33.5,302.1
X1,Resomia persica,D343-D9,172,37.4,125971.2066,135.3,7.9,,87.2,12.4,30.6,16.2,23.7,3.5,1458.6,7060.5,207.5,14,191,184.6,75.7,0
L4,Rhizophysa eysenhardti,BWP 862-3,-1,-1,-1,-1,-1,0,19.8,17.5,-1,-1,-1,-1,337.3,337.3,41.5,2,95.8,23.1,-1,0
Q1,Rhizophysa eysenhardti,SL0200ST,-1,-1,-1,-1,-1,0,16.9,16.1,-1,-1,-1,-1,789,789,104.5,5,289,67,-1,0
X7,Rhizophysa eysenhardti,BWP 634-6,-1,-1,-1,-1,-1,0,18.7,12.4,-1,-1,-1,-1,1377,1377,33.6,2,299.6,33.1,-1,0
Y7,Rhizophysa eysenhardti,BWP 794-3,-1,-1,-1,-1,-1,0,15.6,14.4,-1,-1,-1,-1,2224,2224,43.8,2,73.7,19.2,-1,0
Z7,Rhizophysa eysenhardti,BWP 814-3,-1,-1,-1,-1,-1,0,13.5,10.9,-1,-1,-1,-1,935,935,29.5,2,118.6,49.6,-1,0
A7,Rhizophysa filiformis,BWP 566-16,-1,-1,-1,-1,-1,0,23.8,22,-1,-1,-1,-1,148.9,148.9,125.2,7,383.4,77.3,-1,0
B7,Rhizophysa filiformis,BWP 588-21,-1,-1,-1,-1,-1,0,19.5,16.8,-1,-1,-1,-1,109.5,109.5,91.4,6,199,55,-1,0
M9,Rhizophysa filiformis,BWP 567-8,-1,-1,-1,-1,-1,0,31.9,28,-1,-1,-1,-1,157.3,157.3,118,5,231.7,78.7,-1,0
R1,Rhizophysa filiformis,BWP 566-17,-1,-1,-1,-1,-1,0,23,23,-1,-1,-1,-1,220,220,106.9,8,256.2,105.1,-1,0
Z6,Rhizophysa filiformis,BWP 1565-4,-1,-1,-1,-1,-1,0,25.9,24.5,-1,-1,-1,-1,129.8,129.8,123.4,8,243.8,120.8,-1,0
Q6,Rosacea cymbiformis,D723-BW2-2/3,62.1,7.3,1732.754192,52.1,2.3,18,32,4.7,12.9,8.1,11.1,3.7,155.1,349.2,45.3,7,37.6,6.7,7.8,58.4
R2,Rosacea cymbiformis,BWP 506,51.6,6.2,1038.562694,44.9,1.6,12,32.4,4.8,10,8.8,14.2,3.8,108.7,194.5,24,7,40,18.7,2.7,43.4
R6,Rosacea cymbiformis,Voucher#196 BW4,105.1,14.1,10940.58587,71.1,6.7,8,40.7,8.7,17,9.4,12.1,2.3,444,464.4,56.6,7,74.2,57.5,12.8,104.7
V3,Rosacea plicata,WF Trawl 31-07-07,89.5,10.4,5068.615552,69.1,4.7,24,33.2,4.5,12.3,6.7,18.6,4.8,252,261.1,53,7,74,15.1,4.1,46.4
K10,Sphaeronectes koellikeri,V4098-SS5,21.5,5.3,316.220366,11,2.2,6,12.1,1.7,6.8,3.9,4.9,1.6,48.2,61.3,13.7,7,16.1,5.9,2.3,21
K3,Sphaeronectes koellikeri,07-11-13 BW1,21.8,5,285.362,12.6,1.8,6,11.7,2,6.7,2.5,5.7,1.4,45.8,60.7,13.5,7,15.6,4.8,2.3,19.9
X8,Sphaeronectes koellikeri,BWP 657-8,28.3,4.7,327.3269692,18.5,1.2,4,11.2,1.9,7.7,4.1,6,1,52.6,65.4,14.8,7,10.4,5.6,3.1,16.4
B3,Stephanomia amphytridis,JSL I 2888-CG6 1/2,170.6,41,150157.275,124.3,14,398,143,18.2,53.5,30.9,53.8,11.8,10506.6,28453.3,790.23,30,1440,205.9,289,0
M8A-B,Stephanomia amphytridis,JSL I 3721-DS1,150.7,46.2,168421.2325,130,13,474,145.6,15.6,35,20,42.5,12.5,8375.1,25592,701,49,1000,536.7,336.6,0
N8,Stephanomia amphytridis,JSL I 2688-CG6,158.8,40.8,138410.954,127.7,14.4,554,119.1,19.9,50,34.3,47.9,15.6,7807,19662.2,886.3,53,1100,363.4,507.7,0
O8,Stephanomia amphytridis,D555-D7,162.6,44.3,167081.2176,118,15,276,119.9,18.7,36.9,26.2,39.1,10.8,6223.7,17430,477,30,1008.5,590.9,412,0
J11,Stephanomia amphytridis,JSL I 2667-DS8,167.2,45.2,178859.8164,,,,125.8,19.7,35.2,18.9,42,13,6849,17707,820,55,,325.1,340.3,0
C10,Stephanophyes superba,BWP 571-9,90.3,7.1,2383.439243,80.8,3.8,34,43.2,6.3,12.9,10.6,22.5,4,604,1098,60,7,44.6,33.9,13.9,44
Z2,Stephanophyes superba,1345-14,102.4,10.05,5415.414682,63.8,3.85,36,41.6,7.3,20.85,12.5,18.6,4.1,483.55,858,81.95,7,84.15,22,9.8,69.5
P8,Sulculeolaria quadrivalvis,BWP 556-2,30.2,4.4,306.1342592,23.6,2,8,11,2.5,3.1,2,3.6,1.1,78.8,105.1,24.5,7,23.3,11.2,5.2,22.4
Q8,Sulculeolaria quadrivalvis,BWP 512 SUQ 16,36,5.7,612.423504,29.2,2.1,8,24.5,4,9.9,7,8.1,2.2,101.7,174.4,42.6,7,31,7.1,8.6,28.5
R8,Sulculeolaria quadrivalvis,BWP 1061-17,23.4,4,196.03584,18.4,1.8,8,20.9,3.5,11.2,4.3,11.3,2.7,81,106.1,28.8,7,28.7,14.9,7.6,11.9
X2,Sulculeolaria quadrivalvis,1349-22,39.7,6.2,799.0492048,26.7,2.1,6,17.9,3,13.9,8.9,7.4,1.5,103.9,108.5,15.2,7,35.2,15,3.7,12.8
H11,Sulculeolaria quadrivalvis,BWP 1051-3,29.7,3.7,212.8920948,18.6,1.1,8,18.7,4.4,9.3,5.4,10.3,3.2,84.8,120.2,22.1,7,15.7,6.1,5.3,12
A4,Thermopalia taraxaca,Alvin,33.8,14,3468.74528,23.3,3,,,,11.9,5,18.8,4.3,,,,,,,,
N1,Vogtia glabra,JSL II 959-D3,115.8,24.8,37291.64652,73.2,7.8,8,34.5,6.6,13.7,6.6,13.5,2.8,318.4,599.1,54.1,7,51.4,8.5,8.9,76
E1,Vogtia serrata,D856-SS3,174.3,24.6,55229.00756,107.7,6.1,12,57,6.1,14,8.1,19.6,5.8,735.8,2103.2,61,7,280,83.1,12.3,173.8
I1,Vogtia serrata,D858-SS10,159.5,24,48104.1792,101.1,9.1,10,48.2,7.3,18.2,9.3,16.7,3.3,418.1,865.8,76.6,7,232,40.3,12.5,69.2
R7,Vogtia serrata,D153-D6,146.2,22.3,38067.70863,96.3,5.6,10,49.2,7.8,13.4,7.8,17.6,4.4,477.2,929.1,69.4,7,172.4,53.6,13.6,71.8
S7,Vogtia serrata,10Dec09-Trawl,152.7,23.5,44154.44187,116.6,5.6,14,55,7.3,13.9,8.8,16.2,4.6,868.3,1655.3,70.8,7,134,43,13.7,330.5
T7,Vogtia serrata,D856-SS9,187.1,23.4,53642.02203,126.1,5.6,18,57.2,6.5,17.3,11.6,18.6,5.4,582.1,1254.8,80.7,7,179.2,24.4,28.1,121.7
N2,Vogtia spinosa,Discovery St. 6662#2,144.2,27.3,56271.7203,93.4,11.2,6,39.8,5.7,16.1,9.1,10.6,3,407.4,1007.6,50,7,97.8,16.6,10.1,88.7
Q11,Marrus claudanielis,T1037-D1,82,22,20780.6368,31.9,5,148,32.3,5,14.4,9,16.3,3.8,4551,8165,142.2,18,250,70.6,20.3,0
R11,Erenna richardi,JSL II 1456-D1,146.4,26.5,53831.00184,115.9,7.6,1830,30.2,14.8,-1,-1,-1,-1,15657.5,15657.5,685.5,32,1400,478.2,-1,0
S11,Erenna richardi,T751-DS03,171.1,31,86094.02956,119.6,10.1,1602,33.1,11,-1,-1,-1,-1,21103.7,21103.7,868.8,44,2600,468.3,-1,0
X11,Resomia ornicephala,T1157-SS10,60.5,16.5,8624.28105,52.3,5.4,136,52.4,7,17.4,14.9,24.7,5.5,1732.5,5249.4,72.8,,220,143.5,38.6,254.6
Y11,Resomia ornicephala,T847-SS11,68.8,14,7060.64128,55.5,5.4,137,60.9,9.8,19.4,14.6,26.6,6.3,needMature,3688.4,199.5,22,80,134,106.7,needMature
A12,Lilyopsis fluoracantha,M122-SS1,171.3,17.7,28099.81972,147.4,5.4,20,67.5,9.4,23.2,10.4,25.9,7.5,568.5,873.9,85.8,7,500,21.6,13.4,72
B12,Physophora gilmeri,KM2018-Trawl1,102,26.3,36941.22617,70,7,104,53.4,9,-1,-1,-1,-1,989,4638.2,170.6,18,500,228.2,42.3,1606.1
A13,Bathyphysa conifera,JSL I 2657-DS1,-1,-1,-1,-1,-1,0,21.8,20.8,-1,-1,-1,-1,-1,-1,-1,-1,2000,-1,-1,-1
C13,Erenna richardi,JSL II 1456 DS1,167.6,28.3,70282.39027,144.7,9.2,1178,38.7,19.2,-1,-1,-1,-1,24943.2,24943.2,1341.9,50,2788.9,636.6,-1,0
D13,Halistemma rubrum,D335-D5,65.9,19.8,13527.43429,48.7,5.1,116,59.6,8.4,22.7,10.5,39.2,5.9,2072.2,9170,310.1,28,477.3,130.7,60.2,122.1
V11,Desmophyes haematogaster,T749-SS6,76.1,9.3,3446.27708,71.2,4.9,60,41.5,6.1,17.4,8.6,17.8,3.4,294.3,428.6,57.5,7,103.4,50.5,11.6,0
U11,Praya dubia,JSL II 1678-DS7,133,11.6,9370.596928,111.5,5.8,40,62.3,8.3,13.7,7,17.9,5.1,316.1,673.1,49.2,7,90.4,33.7,13.5,47.3
T11,Praya dubia,JSL II 990-CGP2,184.4,11.9,13672.70606,153.2,6.2,36,55.8,8.8,10.1,7.5,25.1,5,296.1,698.8,70.3,7,102.6,43.1,9.3,46.1
N11,Sphaeronectes koellikeri,Manko_VIF18.95,24.8,5,324.632,18.4,1.5,4,10.9,2.2,5.1,3.2,6.9,1.9,41,47.2,13.7,7,15.4,5.9,2.4,8.1
O11,Erenna laciniata,V2570-DS2,158.2,19.2,30535.74881,129.3,4.7,422,35.7,14,-1,-1,-1,-1,3546.5,3546.5,425.8,28,1280,-1,-1,0
Z11,Sphaeronectes koellikeri,BWP0528005,28,4.9,352.005808,21.7,1.4,4,13.7,2.2,4.6,3,7.2,2,41.2,50.3,19.3,7,5.4,3.6,3.2,5.4